{
  "project_info": {
    "project_number": "373674165454",
    "project_id": "paysync-58239",
    "storage_bucket": "paysync-58239.firebasestorage.app"
  },
  "client": [
    {
      "client_info": {
        "mobilesdk_app_id": "1:373674165454:android:6c4583049f7d69ed61fc9f",
        "android_client_info": {
          "package_name": "com.example.paysync"
        }
      },
      "oauth_client": [],
      "api_key": [
        {
          "current_key": "AIzaSyCDBsiNBZATxIBkfipLQZ3v02Lzy9lhQP8"
        }
      ],
      "services": {
        "appinvite_service": {
          "other_platform_oauth_client": []
        }
      }
    }
  ],
  "configuration_version": "1"
}